spotify_1k,spotify_5k,spotify_10k
1.980161190032959,13.193719148635864,24.383999347686768
0.6515648365020752,9.559375286102295,16.127521276474
