spotify_1k,spotify_5k,spotify_10k,spotify_20k,spotify_30k,spotify_40k
1.3445911407470703,6.552346229553223,19.390562295913696,56.84270930290222,100.32264566421509,138.76366567611694
0.002216339111328125,0.006735801696777344,0.00834965705871582,0.025695323944091797,0.0337214469909668,0.04052019119262695
