spotify_1k,spotify_5k,spotify_10k,spotify_20k,spotify_30k,spotify_40k,spotify_80k,spotify_120k,spotify_170k_id
0.007066965103149414,0.02156996726989746,0.043300628662109375,0.1468677520751953,0.19201254844665527,0.30076146125793457,1.3147399425506592,2.091050386428833,4.326670408248901
0.04306769371032715,0.040456295013427734,0.07925987243652344,0.1703324317932129,0.25011229515075684,0.4924654960632324,2.8038980960845947,4.998452663421631,5.801107168197632
