employees-1k-noisy,employees-5k-noisy,employees-10k-noisy,employees-20k-noisy,employees-40k-noisy
0.004715442657470703,0.0049550533294677734,0.010082721710205078,0.015018224716186523,0.022937536239624023
0.01473689079284668,0.004965543746948242,0.005392313003540039,0.00880885124206543,0.0182187557220459
0.02814030647277832,0.05249142646789551,0.1081852912902832,0.5507452487945557,0.16553163528442383
0.0254061222076416,0.05415749549865723,0.10340189933776855,0.5330677032470703,0.09743165969848633
