spotify_1k,spotify_5k,spotify_10k
0.01085662841796875,0.0038292407989501953,0.0056078433990478516
0.017095327377319336,0.014920234680175781,0.0274350643157959
0.9316706657409668,3.735297679901123,7.466960191726685
