employees-1k-noisy,employees-5k-noisy,employees-10k-noisy,employees-20k-noisy,employees-40k-noisy
0.004318714141845703,0.004965543746948242,0.007208347320556641,0.01343083381652832,0.023990392684936523
0.018190383911132812,0.004212379455566406,0.005168914794921875,0.00892782211303711,0.00945734977722168
0.02983832359313965,0.05023622512817383,0.1181330680847168,0.5436880588531494,0.11111736297607422
,,,,
