employees-1k-noisy,employees-5k-noisy,employees-10k-noisy,employees-20k-noisy,employees-40k-noisy
0.003296375274658203,0.003911733627319336,0.005582332611083984,0.009521245956420898,0.03984975814819336
0.01188039779663086,0.003360271453857422,0.0036847591400146484,0.0051801204681396484,0.006838083267211914
0.026431798934936523,0.022405385971069336,0.023558378219604492,0.02204275131225586,0.019289016723632812
